{
  "project_info": {
    "project_number": "999189881408",
    "project_id": "tca---tdmu-conference-app",
    "storage_bucket": "tca---tdmu-conference-app.firebasestorage.app"
  },
  "client": [
    {
      "client_info": {
        "mobilesdk_app_id": "1:999189881408:android:159c69566c0c9be32535a5",
        "android_client_info": {
          "package_name": "com.anonymous.tdmumeettt"
        }
      },
      "oauth_client": [
        {
          "client_id": "999189881408-29nagffv56mcp09gug3kp2oqn9b38vp0.apps.googleusercontent.com",
          "client_type": 1,
          "android_info": {
            "package_name": "com.anonymous.tdmumeettt",
            "certificate_hash": "5e8f16062ea3cd2c4a0d547876baa6f38cabf625"
          }
        },
        {
          "client_id": "999189881408-ib9b35keqg7ngbssb5afmq5mb2on5bt8.apps.googleusercontent.com",
          "client_type": 3
        }
      ],
      "api_key": [
        {
          "current_key": "AIzaSyDIwTLPgjxF3rj8FEokF_UtIn8NaJfxvLw"
        }
      ],
      "services": {
        "appinvite_service": {
          "other_platform_oauth_client": [
            {
              "client_id": "999189881408-ib9b35keqg7ngbssb5afmq5mb2on5bt8.apps.googleusercontent.com",
              "client_type": 3
            }
          ]
        }
      }
    }
  ],
  "configuration_version": "1"
}